{
  "task": "language",
  "optimizer": "k1",
  "lr": 0.001,
  "seed": 1,
  "steps": 40000,
  "batch": 24,
  "wd": 0.1,
  "nparam": 39015168,
  "backend": "triton",
  "k_probe": 10,
  "rho": 0.1,
  "beta3": 0.95,
  "clip": 1.0,
  "val_loss": 3.2055734687821005,
  "val_ppl": 24.669643230981162,
  "step": 40000,
  "val_kind": "final",
  "total_wall_s": 9937.682412862778
}