{
  "task": "language",
  "optimizer": "adamw",
  "lr": 0.001,
  "seed": 0,
  "steps": 40000,
  "batch": 24,
  "wd": 0.1,
  "nparam": 39015168,
  "backend": "triton",
  "k_probe": 10,
  "rho": 0.5,
  "beta3": 0.95,
  "clip": 1.0,
  "val_loss": 3.1812901120957497,
  "val_ppl": 24.077796579872718,
  "step": 40000,
  "val_kind": "final",
  "total_wall_s": 5981.071113348007
}