{
  "task": "language",
  "optimizer": "k1",
  "lr": 0.001,
  "seed": 0,
  "steps": 40000,
  "batch": 24,
  "wd": 0.1,
  "nparam": 39015168,
  "backend": "triton",
  "k_probe": 10,
  "rho": 0.1,
  "beta3": 0.95,
  "clip": 1.0,
  "val_loss": 3.2208853534643085,
  "val_ppl": 25.050288726296454,
  "step": 40000,
  "val_kind": "final",
  "total_wall_s": 9861.756011009216
}